# time,seismic_amplitude
0.000000000000000000e+00,4.967141530112326869e-02
5.006257822277847269e-02,-4.130624862840669848e-03
1.001251564455569454e-01,8.383163634209267467e-02
1.501877346683354042e-01,1.800904161655973168e-01
2.002503128911138908e-01,1.217082589611840487e-02
2.503128911138923773e-01,1.880476356237918353e-02
3.003754693366708084e-01,2.054192177000329633e-01
3.504380475594492950e-01,1.280442947988433278e-01
4.005006257822277815e-01,6.623973218647598304e-03
4.505632040050062681e-01,1.085802568271998642e-01
5.006257822277847547e-01,7.301178552338624672e-03
5.506883604505632412e-01,5.102672425926615962e-03
6.007509386733416168e-01,7.282366560029895908e-02
6.508135168961201034e-01,-1.465780207599857721e-01
7.008760951188985899e-01,-1.321627244272082780e-01
7.509386733416770765e-01,-2.055858838915852055e-02
8.010012515644555631e-01,-7.019950381575423837e-02
8.510638297872340496e-01,5.829381683994312724e-02
9.011264080100125362e-01,-6.750149758039505898e-02
9.511889862327910228e-01,-1.206158638807161704e-01
1.001251564455569509e+00,1.655596503615271997e-01
1.051314142678347885e+00,-4.010681775562512097e-03
1.101376720901126482e+00,2.614319008278230896e-02
1.151439299123904858e+00,-1.210193581962213383e-01
1.201501877346683234e+00,-2.975420180309896329e-02
1.251564455569461831e+00,4.002542448846985873e-02
1.301627033792240207e+00,-8.109767642275211852e-02
1.351689612015018804e+00,7.721001966485216417e-02
1.401752190237797180e+00,-1.450076955412460400e-02
1.451814768460575777e+00,2.229284753055876117e-02
1.501877346683354153e+00,-3.148641074644298321e-03
1.551939924906132751e+00,2.471626398353262699e-01
1.602002503128911126e+00,6.456614022004505959e-02
1.652065081351689502e+00,-3.705386653629659521e-02
1.702127659574468099e+00,1.523945231124068378e-01
1.752190237797246475e+00,-5.204007397050451622e-02
1.802252816020025072e+00,8.924230872083142863e-02
1.852315394242803448e+00,-1.308962395093562492e-01
1.902377972465582046e+00,-7.256371186411009200e-02
1.952440550688360421e+00,7.372810162329612726e-02
2.002503128911139019e+00,1.204738284282022842e-01
2.052565707133917172e+00,5.539490707198004016e-02
2.102628285356695770e+00,1.765843105840042213e-02
2.152690863579474367e+00,-1.027163165150402416e-02
2.202753441802252965e+00,-1.374189712022682863e-01
2.252816020025031118e+00,-7.065167223780259576e-02
2.302878598247809716e+00,-5.321848629587945523e-02
2.352941176470588314e+00,9.095918169431289890e-02
2.403003754693366467e+00,1.313001363784782605e-02
2.453066332916145065e+00,-2.027198925116839301e-01
2.503128911138923662e+00,2.214642869643759088e-03
2.553191489361702260e+00,-7.103061964183883525e-02
2.603254067584480413e+00,-1.011208790100374955e-01
2.653316645807259011e+00,2.816002850229001181e-02
2.703379224030037609e+00,7.168285290954037881e-02
2.753441802252816206e+00,6.425810417496141680e-02
2.803504380475594360e+00,-1.095444882156196148e-01
2.853566958698372957e+00,-5.288458544640382841e-02
2.903629536921151555e+00,1.493019504509699238e-02
2.953692115143929708e+00,8.292753517889828174e-02
3.003754693366708306e+00,-5.946527901121236026e-02
3.053817271589486904e+00,-2.778830190147034071e-02
3.103879849812265501e+00,-1.185061647964298082e-01
3.153942428035043655e+00,-1.272886137952534413e-01
3.204005006257822252e+00,7.253634275213538540e-02
3.254067584480600850e+00,1.245654135499560944e-01
3.304130162703379003e+00,-2.186779970609243132e-02
3.354192740926157601e+00,8.090891332668609381e-02
3.404255319148936199e+00,1.093259872222310594e-02
3.454317897371714796e+00,-9.632186275056267566e-02
3.504380475594492950e+00,-2.778474140140110848e-03
3.554443053817271547e+00,1.075449303561506337e-01
3.604505632040050145e+00,-5.709826248950304606e-02
3.654568210262828298e+00,9.609629907291625250e-02
3.704630788485606896e+00,-3.284806052701197965e-01
3.754693366708385494e+00,1.054457351002194287e-02
3.804755944931164091e+00,-6.683749557400664454e-02
3.854818523153942245e+00,-1.079030497200062083e-01
3.904881101376720842e+00,-6.971719035091375472e-02
3.954943679599499440e+00,-2.769062840078551080e-01
4.005006257822278037e+00,-9.774254373389296147e-02
4.055068836045056635e+00,-3.613479950912237143e-02
4.105131414267834344e+00,8.128623008397102556e-02
4.155193992490612942e+00,-1.117755309806944819e-01
4.205256570713391540e+00,-1.332838245698200752e-01
4.255319148936170137e+00,-9.442781567604519033e-02
4.305381727158948735e+00,5.582279271014965044e-02
4.355444305381727332e+00,5.718801411820892411e-03
4.405506883604505930e+00,-7.186528179835047214e-02
4.455569461827283639e+00,4.011054069876735656e-02
4.505632040050062237e+00,5.305334325274180945e-03
4.555694618272840835e+00,9.819833017445900314e-02
4.605757196495619432e+00,-6.437387575165931519e-02
4.655819774718398030e+00,-2.377249066672960237e-02
4.705882352941176627e+00,-2.841812932738885938e-02
4.755944931163955225e+00,-1.350816851485616421e-01
4.806007509386732934e+00,4.014560779765222187e-02
4.856070087609511532e+00,3.485924581461469218e-02
4.906132665832290130e+00,6.663802336012332461e-03
4.956195244055068727e+00,-2.046544739346328745e-02
5.006257822277847325e+00,-1.419694836389713555e-01
5.056320400500625922e+00,-4.588430745454358251e-02
5.106382978723404520e+00,-4.113740746047111346e-02
5.156445556946183117e+00,-8.951289757880194486e-02
5.206508135168960827e+00,-2.695165314372064552e-02
5.256570713391739424e+00,2.913546553204853992e-02
5.306633291614518022e+00,1.781489255672960570e-01
5.356695869837296620e+00,9.126719045258614715e-03
5.406758448060075217e+00,2.092544397787863414e-02
5.456821026282853815e+00,-7.455245228714742559e-03
5.506883604505632412e+00,-1.858646561951330101e-01
5.556946182728410122e+00,1.041216968817235654e-02
5.607008760951188719e+00,2.693458532212381421e-02
5.657071339173967317e+00,2.756055111748303976e-01
5.707133917396745915e+00,1.863022916956111330e-02
5.757196495619524512e+00,7.649809596095248632e-02
5.807259073842303110e+00,5.091635906525937560e-02
5.857321652065081707e+00,-5.518006684649179316e-02
5.907384230287859417e+00,1.822436112798104801e-01
5.957446808510638014e+00,1.481608316669576764e-01
6.007509386733416612e+00,1.556219700095167191e-01
6.057571964956195210e+00,-1.244916102347919107e-02
6.107634543178973807e+00,2.191018494162943475e-01
6.157697121401752405e+00,-6.265478890861661543e-02
6.207759699624531002e+00,1.333818645792662905e-01
6.257822277847308712e+00,2.895141183992064882e-01
6.307884856070087309e+00,-3.399896199290097787e-02
6.357947434292865907e+00,2.080390354854577684e-03
6.408010012515644505e+00,6.169202505195664488e-02
6.458072590738423102e+00,-5.928709829547879062e-03
6.508135168961201700e+00,-1.179591849670940107e-01
6.558197747183980297e+00,3.696089296185413320e-02
6.608260325406758007e+00,-8.252964368664840455e-02
6.658322903629536604e+00,6.550732899212438620e-02
6.708385481852315202e+00,-7.829222053273911242e-02
6.758448060075093800e+00,1.653454808827483080e-01
6.808510638297872397e+00,-6.999205385891223152e-02
6.858573216520650995e+00,-2.460138408728152620e-02
6.908635794743429592e+00,8.946009926948408908e-02
6.958698372966207302e+00,-1.133662880290470243e-01
7.008760951188985899e+00,3.500265497740639303e-02
7.058823529411764497e+00,1.461986335864959574e-01
7.108886107634543094e+00,-1.416171138316470457e-01
7.158948685857321692e+00,4.136372175720387512e-02
7.209011264080100290e+00,5.247309352743646099e-02
7.259073842302878887e+00,1.077652801482134742e-01
7.309136420525656597e+00,-9.178150379015634353e-02
7.359198998748435194e+00,-9.881597903435779262e-02
7.409261576971213792e+00,8.552554126230837994e-02
7.459324155193992389e+00,6.177428504468741172e-02
7.509386733416770987e+00,5.443394970733225757e-02
7.559449311639549585e+00,5.989330140157422822e-02
7.609511889862328182e+00,-4.827477307581867078e-02
7.659574468085105892e+00,3.617563635732867766e-02
7.709637046307884489e+00,3.441325900151387396e-02
7.759699624530663087e+00,-7.499711906897039981e-02
7.809762202753441684e+00,1.738088984166868689e-01
7.859824780976220282e+00,2.518354283617779688e-02
7.909887359198998880e+00,-1.506577770613643785e-01
7.959949937421777477e+00,2.523074647680370597e-02
8.010012515644556075e+00,-1.460489719358981642e-01
8.060075093867334672e+00,2.299197782567556636e-02
8.110137672090113270e+00,5.426339326331333646e-02
8.160200250312891868e+00,-1.481075731927545547e-01
8.210262828535668689e+00,2.740883008839917201e-02
8.260325406758447286e+00,-2.893772206678210668e-02
8.310387984981225884e+00,1.228370673145025294e-02
8.360450563204004482e+00,1.215400018648524899e-01
8.410513141426783079e+00,-8.956107608922751762e-02
8.460575719649561677e+00,-1.361569940344974083e-01
8.510638297872340274e+00,-1.446324298790365170e-01
8.560700876095118872e+00,-1.315879719980323770e-01
8.610763454317897470e+00,-5.178249680933476318e-02
8.660826032540676067e+00,-4.077074794049104223e-03
8.710888610763454665e+00,-5.001570775675649033e-03
8.760951188986233262e+00,5.493301768130826046e-02
8.811013767209011860e+00,-2.247441609298220580e-02
8.861076345431790457e+00,1.245275014864982016e-01
8.911138923654567279e+00,-4.553223050257237947e-02
8.961201501877345876e+00,2.534591648056226942e-01
9.011264080100124474e+00,4.327496658899764037e-02
9.061326658322903072e+00,-1.069081261611982830e-01
9.111389236545681669e+00,-1.312079514308853723e-01
9.161451814768460267e+00,2.037497309290892122e-02
9.211514392991238864e+00,-5.455303138458447026e-02
9.261576971214017462e+00,3.455988630690974561e-02
9.311639549436796059e+00,5.855024714038724321e-03
9.361702127659574657e+00,-5.306482119477078790e-02
9.411764705882353255e+00,-1.341571188754890898e-01
9.461827284105131852e+00,-2.037624263076419917e-01
9.511889862327910450e+00,-9.859216025835886021e-02
9.561952440550689047e+00,3.136497105173070843e-02
9.612015018773465869e+00,-3.173844841385118493e-02
9.662077596996244466e+00,-1.750666507384488202e-01
9.712140175219023064e+00,-2.899470243383798704e-02
9.762202753441801661e+00,-2.149208456924671384e-03
9.812265331664580259e+00,-1.221230303228188069e-01
9.862327909887358857e+00,-1.031012608147012163e-02
9.912390488110137454e+00,-1.094854161838915846e-02
9.962453066332916052e+00,-1.215870119733582083e-01
1.001251564455569465e+01,3.821565128050487259e-02
1.006257822277847325e+01,6.815945389273633803e-02
1.011264080100125184e+01,1.296209833366414876e-01
1.016270337922403044e+01,1.352143482677277964e-01
1.021276595744680904e+01,-1.004050651083178980e-01
1.026282853566958764e+01,-5.011139075195063242e-02
1.031289111389236623e+01,1.000939825777499570e-01
1.036295369211514306e+01,1.033913522985829003e-01
1.041301627033792165e+01,1.054045707611371424e-01
1.046307884856070025e+01,4.395567943749439377e-01
1.051314142678347885e+01,1.103536271998979135e-01
1.056320400500625745e+01,1.645623699473424684e-01
1.061326658322903604e+01,1.431253123659379234e-01
1.066332916145181464e+01,1.088231357247927134e-01
1.071339173967459324e+01,7.647560393449562288e-03
1.076345431789737184e+01,1.104016612155887950e-01
1.081351689612015043e+01,-4.729868118187163101e-02
1.086357947434292903e+01,2.224626171305449374e-03
1.091364205256570763e+01,-2.599787758135254159e-02
1.096370463078848623e+01,2.829101606975489153e-02
1.101376720901126482e+01,2.502384534853285825e-01
1.106382978723404165e+01,-1.680718329828306268e-01
1.111389236545682024e+01,8.841815241814376947e-02
1.116395494367959884e+01,-1.391135336690011715e-01
1.121401752190237744e+01,-2.153558509413801975e-02
1.126408010012515604e+01,1.390275348657630805e-01
1.131414267834793463e+01,4.179651841369660947e-02
1.136420525657071323e+01,-6.666843260603833032e-02
1.141426783479349183e+01,-2.447794613037281020e-02
1.146433041301627043e+01,1.208560297932625982e-01
1.151439299123904902e+01,-1.471415961258520921e-02
1.156445556946182762e+01,8.467370809348138960e-02
1.161451814768460622e+01,7.129267408772126113e-02
1.166458072590738482e+01,4.048672298321162599e-03
1.171464330413016341e+01,2.846569303379584137e-01
1.176470588235294024e+01,1.331647888846641536e-01
1.181476846057571883e+01,-1.348312909739922127e-01
1.186483103879849743e+01,8.265163504502047453e-02
1.191489361702127603e+01,-7.352641827373648797e-03
1.196495619524405463e+01,1.375354309104273032e-01
1.201501877346683322e+01,-3.463838184092546402e-02
1.206508135168961182e+01,2.457615638213224429e-02
1.211514392991239042e+01,7.739590046179815885e-02
1.216520650813516902e+01,1.040519474296327102e-01
1.221526908635794761e+01,-1.119125851959813234e-01
1.226533166458072621e+01,-3.430812489768578916e-02
1.231539424280350481e+01,-5.664195846861479200e-02
1.236545682102628341e+01,-8.181848629255669691e-02
1.241551939924906200e+01,1.538907244703806576e-01
1.246558197747183883e+01,1.300312033376861340e-02
1.251564455569461742e+01,-1.570003177210194112e-01
1.256570713391739602e+01,5.890646072693206392e-02
1.261576971214017462e+01,1.787729161958425128e-01
1.266583229036295322e+01,7.053436569391893785e-02
1.271589486858573181e+01,-1.827976187134413011e-01
1.276595744680851041e+01,-7.653632843350849368e-02
1.281602002503128901e+01,1.019563025089150338e-01
1.286608260325406761e+01,-9.178656109785908457e-02
1.291614518147684620e+01,2.710841149170122033e-02
1.296620775969962480e+01,6.366304086859764233e-02
1.301627033792240340e+01,-1.035794048897866193e-01
1.306633291614518200e+01,-1.473844175630827438e-02
1.311639549436796059e+01,-3.318355564264800495e-01
1.316645807259073919e+01,-1.102485410203573324e-01
1.321652065081351601e+01,-3.443723801114840360e-02
1.326658322903629461e+01,-1.366229073273844963e-01
1.331664580725907321e+01,1.474843572740233422e-01
1.336670838548185181e+01,-1.638181470092305858e-01
1.341677096370463040e+01,-7.081547165711567227e-02
1.346683354192740900e+01,-2.047436612086622407e-02
1.351689612015018760e+01,1.033837873955600062e-01
1.356695869837296620e+01,-1.916795991055351978e-01
1.361702127659574479e+01,6.103728296287962152e-02
1.366708385481852339e+01,-6.095788817385825592e-02
1.371714643304130199e+01,-1.660457875477252265e-01
1.376720901126408059e+01,-2.653450773497883358e-02
1.381727158948685918e+01,-5.639220639514285621e-02
1.386733416770963778e+01,-1.383975976693994636e-01
1.391739674593241460e+01,-7.188138677660395326e-02
1.396745932415519320e+01,-1.162383300798805613e-01
1.401752190237797180e+01,-6.358266816442401104e-02
1.406758448060075040e+01,-4.422873041512329073e-03
1.411764705882352899e+01,9.363264773738520785e-02
1.416770963704630759e+01,-1.819306800506631794e-01
1.421777221526908619e+01,1.628638365222313533e-01
1.426783479349186479e+01,-2.373475707617207220e-01
1.431789737171464338e+01,-4.874539766413631819e-02
1.436795994993742198e+01,3.378192162841704704e-02
1.441802252816020058e+01,1.119493368707837402e-02
1.446808510638297918e+01,-7.169273591373376275e-02
1.451814768460575777e+01,-2.367222733404472645e-02
1.456821026282853637e+01,-4.672081720019749529e-02
1.461827284105131319e+01,-5.218699786715141897e-02
1.466833541927409179e+01,9.453104586447469426e-02
1.471839799749687039e+01,4.673431189829712479e-02
1.476846057571964899e+01,-5.809709584614024258e-02
1.481852315394242758e+01,1.001385807132698091e-01
1.486858573216520618e+01,3.890067843937869418e-02
1.491864831038798478e+01,8.669016140987186037e-02
1.496871088861076338e+01,6.511292000805525559e-02
1.501877346683354197e+01,2.415805674387297319e+00
1.506883604505632057e+01,2.131132165777486431e+00
1.511889862327909917e+01,1.988740561927597517e+00
1.516896120150187777e+01,1.735919069831705297e+00
1.521902377972465636e+01,1.463809522340436597e+00
1.526908635794743496e+01,1.295392994850909751e+00
1.531914893617021178e+01,1.252913155303573056e+00
1.536921151439299038e+01,9.285094019162450918e-01
1.541927409261576898e+01,9.235098347383114969e-01
1.546933667083854758e+01,7.461379622304270542e-01
1.551939924906132617e+01,6.565750412804531866e-01
1.556946182728410477e+01,7.128095992726979357e-01
1.561952440550688337e+01,6.209883343794148081e-01
1.566958698372966197e+01,5.646973551586339513e-01
1.571964956195244056e+01,5.667649347754886158e-01
1.576971214017521916e+01,3.978679075607586269e-01
1.581977471839799776e+01,4.290233012553547609e-01
1.586983729662077636e+01,2.993239716661353356e-01
1.591989987484355495e+01,3.358277568552008319e-01
1.596996245306633355e+01,2.661959517833126787e-01
1.602002503128911215e+01,8.686268092204037228e-02
1.607008760951189075e+01,1.382427586542796794e-01
1.612015018773466934e+01,-3.172401246463313340e-03
1.617021276595744794e+01,2.862003457350015267e-01
1.622027534418022654e+01,-2.683900755550630568e-02
1.627033792240300514e+01,-5.220180780866638670e-02
1.632040050062578374e+01,1.793559918431469336e-01
1.637046307884856233e+01,1.361784976975371486e-01
1.642052565707133738e+01,1.123297680358640999e-01
1.647058823529411598e+01,1.054133475505721340e-01
1.652065081351689457e+01,3.409103944596570540e-02
1.657071339173967317e+01,-6.128853306645674209e-02
1.662077596996245177e+01,2.980434983483651323e-02
1.667083854818523037e+01,-5.079816549984148000e-02
1.672090112640800896e+01,1.102208949363950863e-01
1.677096370463078756e+01,-4.979946165219836796e-03
1.682102628285356616e+01,-7.451842826627738670e-02
1.687108886107634476e+01,-2.451966965335583212e-02
1.692115143929912335e+01,4.970678496747400754e-02
1.697121401752190195e+01,-4.609652875437963981e-02
1.702127659574468055e+01,-6.921318411787079350e-02
1.707133917396745915e+01,4.073677926355126488e-02
1.712140175219023774e+01,4.457061980168493254e-02
1.717146433041301634e+01,-2.686855999103709980e-02
1.722152690863579494e+01,-1.978743193056118135e-02
1.727158948685857354e+01,5.345292737374852943e-02
1.732165206508135213e+01,-1.124620330730221884e-01
1.737171464330413073e+01,-1.073707946230747362e-01
1.742177722152690933e+01,-3.869547818916432846e-02
1.747183979974968793e+01,1.019446610841285433e-02
1.752190237797246652e+01,5.957567400100671762e-02
1.757196495619524512e+01,1.715298365456809915e-01
1.762202753441802372e+01,1.039107003799205758e-01
1.767209011264080232e+01,-4.913298773627127608e-03
1.772215269086358091e+01,1.104103296817348853e-03
1.777221526908635951e+01,-1.060779456688911160e-01
1.782227784730913456e+01,-1.696929964135099680e-02
1.787234042553191316e+01,-5.342014886517221922e-02
1.792240300375469175e+01,-1.532752752911072103e-03
1.797246558197747035e+01,-1.252677796248080899e-01
1.802252816020024895e+01,4.610144470719833576e-01
1.807259073842302755e+01,5.247732028327132259e-01
1.812265331664580614e+01,3.264055338480668089e-01
1.817271589486858474e+01,3.466255074026295957e-01
1.822277847309136334e+01,3.480042017543967248e-01
1.827284105131414194e+01,2.146772512807676447e-01
1.832290362953692053e+01,2.561409119733267792e-01
1.837296620775969913e+01,2.168341662376711276e-01
1.842302878598247773e+01,2.098289075780885304e-01
1.847309136420525633e+01,1.095742301825999299e-01
1.852315394242803492e+01,1.781149793111604096e-01
1.857321652065081352e+01,2.158503015144995762e-01
1.862327909887359212e+01,3.027618113010619449e-01
1.867334167709637072e+01,2.459994093287750649e-01
1.872340425531914931e+01,1.839386642334501776e-01
1.877346683354192791e+01,-1.034271209592183410e-01
1.882352941176470651e+01,6.430025359796801010e-02
1.887359198998748511e+01,-1.936810112861432620e-03
1.892365456821026370e+01,2.001590693765037954e-01
1.897371714643304230e+01,-9.945639619861082470e-02
1.902377972465582090e+01,-1.036341763692062989e-01
1.907384230287859950e+01,-8.177389062224121874e-02
1.912390488110137809e+01,-2.373780029723454310e-01
1.917396745932415669e+01,-8.148743812133375786e-02
1.922403003754693174e+01,-1.092619535008428899e-01
1.927409261576971033e+01,-2.297051415788487622e-02
1.932415519399248893e+01,-8.413065662837310166e-03
1.937421777221526753e+01,1.408419292081642682e-01
1.942428035043804613e+01,4.477050292147204125e-02
1.947434292866082473e+01,-1.104988204383392097e-01
1.952440550688360332e+01,-1.439965140767756058e-01
1.957446808510638192e+01,-4.941989895152598677e-03
1.962453066332916052e+01,-1.846517144105030428e-01
1.967459324155193912e+01,1.335568047995621122e-01
1.972465581977471771e+01,7.290742934683862309e-02
1.977471839799749631e+01,-8.597871204265201961e-02
1.982478097622027491e+01,-2.031321725135492307e-01
1.987484355444305351e+01,1.118632517140537297e-01
1.992490613266583210e+01,-2.589451130254626088e-02
1.997496871088861070e+01,1.189129953915552262e-01
2.002503128911138930e+01,-1.545741300736460933e-01
2.007509386733416790e+01,-4.549697551809311208e-02
2.012515644555694649e+01,2.404835567430561177e-02
2.017521902377972509e+01,3.651677898093542984e-02
2.022528160200250369e+01,-5.945400315743032404e-03
2.027534418022528229e+01,1.073215759600398000e-01
2.032540675844806088e+01,-5.717297115238629407e-02
2.037546933667083948e+01,3.839044520630942314e-02
2.042553191489361808e+01,6.616347021699305053e-02
2.047559449311639668e+01,1.055989303478147567e-01
2.052565707133917527e+01,1.239699426809879323e-01
2.057571964956195387e+01,-6.219232828665384460e-02
2.062578222778473247e+01,-1.066362623601377624e-01
2.067584480600750751e+01,1.703563454304044822e-01
2.072590738423028611e+01,7.124129400346526642e-02
2.077596996245306471e+01,-4.149996631018183779e-02
2.082603254067584331e+01,1.840271335055100876e-01
2.087609511889862191e+01,3.655589397065071161e-02
2.092615769712140050e+01,1.397643444842217308e-01
2.097622027534417910e+01,2.641384029213961898e-02
2.102628285356695770e+01,2.247013601512943826e-01
2.107634543178973630e+01,1.943553081895838808e-01
2.112640801001251489e+01,-4.625404161210811688e-03
2.117647058823529349e+01,1.200889051695352566e-01
2.122653316645807209e+01,9.122995962892802013e-02
2.127659574468085069e+01,1.682427372709401903e-01
2.132665832290362928e+01,-5.972548944129796311e-02
2.137672090112640788e+01,1.111901639547204501e-01
2.142678347934918648e+01,1.543778073615954538e-01
2.147684605757196508e+01,-1.215698177157016335e-01
2.152690863579474367e+01,-5.874805103788533628e-02
2.157697121401752227e+01,-1.398648943711576775e-01
2.162703379224030087e+01,4.053702832239292758e-02
2.167709637046307947e+01,1.413654012737214360e-01
2.172715894868585806e+01,2.205239202917906871e-01
2.177722152690863666e+01,7.681059724887552564e-02
2.182728410513141526e+01,2.297720190756900038e-01
2.187734668335419386e+01,-7.516280209992774741e-02
2.192740926157697245e+01,-1.130260267183260947e-01
2.197747183979975105e+01,4.491567108410001591e-02
2.202753441802252965e+01,7.032245554764179341e-01
2.207759699624530469e+01,6.039223419755632705e-01
2.212765957446808329e+01,3.461516845515948404e-01
2.217772215269086189e+01,4.930407989864996066e-01
2.222778473091364049e+01,3.239668786669790967e-01
2.227784730913641909e+01,4.773089784469629060e-01
2.232790988735919768e+01,4.064539267490371865e-01
2.237797246558197628e+01,2.388202278177778970e-01
2.242803504380475488e+01,2.480009913786864473e-01
2.247809762202753348e+01,1.635705775969376330e-01
2.252816020025031207e+01,2.367605395334401175e-01
2.257822277847309067e+01,3.153627422521660395e-01
2.262828535669586927e+01,-1.319481874481351902e-01
2.267834793491864787e+01,1.805825047507417236e-02
2.272841051314142646e+01,-8.327369547522905924e-02
2.277847309136420506e+01,-1.066036818575056278e-01
2.282853566958698366e+01,-3.452879354153177982e-02
2.287859824780976226e+01,-1.235981949327501772e-01
2.292866082603254085e+01,-7.173298864907834416e-02
2.297872340425531945e+01,-1.327966446976572845e-01
2.302878598247809805e+01,1.861965867656210361e-01
2.307884856070087665e+01,-4.887284342738754464e-03
2.312891113892365524e+01,-7.759146531120207635e-02
2.317897371714643384e+01,1.336669966044845906e-02
2.322903629536921244e+01,-2.095859695407694193e-02
2.327909887359199104e+01,-3.480588154794215378e-02
2.332916145181476963e+01,4.449866435297297751e-02
2.337922403003754823e+01,5.352687698926680837e-02
2.342928660826032683e+01,-8.148701884317896549e-02
2.347934918648310543e+01,-9.289754079512495266e-02
2.352941176470588047e+01,-7.008396633930784325e-02
2.357947434292865907e+01,-2.801099028042063899e-01
2.362953692115143767e+01,-2.085313345210985658e-01
2.367959949937421626e+01,7.314252225131251395e-02
2.372966207759699486e+01,9.527971788002172204e-02
2.377972465581977346e+01,-9.866633455010161147e-02
2.382978723404255206e+01,-1.930592186087876777e-02
2.387984981226533066e+01,-4.752465162253030617e-02
2.392991239048810925e+01,2.291610247349354368e-01
2.397997496871088785e+01,3.479440672068906393e-02
2.403003754693366645e+01,-8.678951980841090319e-02
2.408010012515644505e+01,-1.648940556329274165e-01
2.413016270337922364e+01,-2.240072280833665941e-01
2.418022528160200224e+01,-3.594760594758653061e-02
2.423028785982478084e+01,-1.240425652046015792e-01
2.428035043804755944e+01,-1.822338616847524739e-01
2.433041301627033803e+01,-9.607711713041915125e-02
2.438047559449311663e+01,-1.311214292135292059e-01
2.443053817271589523e+01,1.537532275896745237e-01
2.448060075093867383e+01,8.047694776667224659e-02
2.453066332916145242e+01,-2.185358186567174562e-03
2.458072590738423102e+01,1.517394945959947006e-01
2.463078848560700962e+01,1.531971012938533605e-02
2.468085106382978822e+01,-7.606577627130020613e-02
2.473091364205256681e+01,1.635036230705051441e-01
2.478097622027534541e+01,6.493510738469369936e-02
2.483103879849812401e+01,-9.396329172440461008e-02
2.488110137672090261e+01,-1.149375273929263350e-02
2.493116395494367765e+01,-8.293694900162863759e-02
2.498122653316645625e+01,-1.369851485759377152e-01
2.503128911138923485e+01,9.046771893747045101e-02
2.508135168961201344e+01,1.855377145210371503e-01
2.513141426783479204e+01,-1.480274837336316429e-01
2.518147684605757064e+01,4.611833049911252813e-02
2.523153942428034924e+01,-7.625812059210763938e-02
2.528160200250312784e+01,-5.974530167826201665e-02
2.533166458072590643e+01,-6.881022858625915339e-02
2.538172715894868503e+01,-9.314855479525165072e-02
2.543178973717146363e+01,2.272886528796758988e-03
2.548185231539424223e+01,-8.023500934278661456e-02
2.553191489361702082e+01,3.646846650965804293e-02
2.558197747183979942e+01,1.188044214151064495e-02
2.563204005006257802e+01,1.154994333399574774e-03
2.568210262828535662e+01,-5.718947804358219533e-02
2.573216520650813521e+01,-1.553834224736290459e-02
2.578222778473091381e+01,1.259786235259705012e-01
2.583229036295369241e+01,1.082408489304163834e-01
2.588235294117647101e+01,-3.278649060270527604e-02
2.593241551939924960e+01,8.056917103653936374e-02
2.598247809762202820e+01,1.500731150267275438e-01
2.603254067584480680e+01,-8.923355771843272111e-02
2.608260325406758540e+01,1.331976145135993772e-01
2.613266583229036399e+01,1.211353405893532409e-02
2.618272841051314259e+01,1.333580428118057992e-01
2.623279098873592119e+01,-3.581060492945917217e-03
2.628285356695869979e+01,-1.125932876235219426e-01
2.633291614518147838e+01,-1.007730495124993242e-01
2.638297872340425343e+01,6.008758691875518143e-02
2.643304130162703203e+01,7.406563415974011522e-02
2.648310387984981062e+01,-4.968812099938886562e-02
2.653316645807258922e+01,9.740766972721322248e-02
2.658322903629536782e+01,-1.393409832394781056e-01
2.663329161451814642e+01,1.419602934843609485e-02
2.668335419274092501e+01,-1.053448468571051427e-01
2.673341677096370361e+01,-5.333902164931622614e-02
2.678347934918648221e+01,1.392029000347395212e-02
2.683354192740926081e+01,-7.823155964146703834e-02
2.688360450563203941e+01,-3.074673200340971926e-02
2.693366708385481800e+01,1.094151870715724117e-01
2.698372966207759660e+01,-4.680282922033662807e-02
2.703379224030037520e+01,9.736957568085008452e-02
2.708385481852315380e+01,-9.569715414284024613e-02
2.713391739674593239e+01,7.400003232750916593e-02
2.718397997496871099e+01,1.688916744755369903e-01
2.723404255319148959e+01,-2.190515288658458903e-01
2.728410513141426819e+01,-4.882890342900746833e-02
2.733416770963704678e+01,9.041937307924964584e-02
2.738423028785982538e+01,1.313816490112155663e-02
2.743429286608260398e+01,6.999432131567644155e-02
2.748435544430538258e+01,-2.948659638406701811e-02
2.753441802252816117e+01,3.615402950961688067e-02
2.758448060075093977e+01,7.086976018521092685e-03
2.763454317897371837e+01,1.332637692011662267e-01
2.768460575719649697e+01,3.458951168264024628e-02
2.773466833541927556e+01,3.461826752111125949e-02
2.778473091364205061e+01,-4.930475212184239064e-02
2.783479349186482921e+01,-6.623705041986927000e-02
2.788485607008760780e+01,-7.015299134571416351e-02
2.793491864831038640e+01,3.395413709008240910e-03
2.798498122653316500e+01,-8.671214008437039267e-02
2.803504380475594360e+01,3.916898069026885643e-01
2.808510638297872219e+01,4.953549037123408105e-01
2.813516896120150079e+01,3.126450248777782881e-01
2.818523153942427939e+01,1.415577787836355406e-01
2.823529411764705799e+01,2.523528425717827539e-01
2.828535669586983659e+01,5.765814657129507415e-02
2.833541927409261518e+01,-2.730211605766883487e-01
2.838548185231539378e+01,-1.675441211890803528e-01
2.843554443053817238e+01,-2.501070412378698649e-01
2.848560700876095098e+01,-9.347385196325930234e-02
2.853566958698372957e+01,-5.105441698084005331e-02
2.858573216520650817e+01,1.205913064319040773e-01
2.863579474342928677e+01,-8.413307810476382265e-03
2.868585732165206537e+01,-5.727856938503674694e-02
2.873591989987484396e+01,5.280808294932230751e-02
2.878598247809762256e+01,-2.467711323855939776e-01
2.883604505632040116e+01,1.403402360892421624e-03
2.888610763454317976e+01,5.729438600800428050e-02
2.893617021276595835e+01,-1.665133108543283835e-01
2.898623279098873695e+01,9.560280750271514527e-02
2.903629536921151555e+01,1.374603861831889817e-02
2.908635794743429415e+01,-6.406726859163812404e-02
2.913642052565707274e+01,3.737169976532252885e-02
2.918648310387985134e+01,1.970854455085540302e-01
2.923654568210262639e+01,-1.631811366041202235e-02
2.928660826032540498e+01,-1.435242622745053903e-02
2.933667083854818358e+01,-8.962010054823656147e-02
2.938673341677096218e+01,-1.327095729630966836e-01
2.943679599499374078e+01,3.202777572514208665e-02
2.948685857321651937e+01,-1.388729587214677652e-01
2.953692115143929797e+01,-4.712702158753236809e-02
2.958698372966207657e+01,-1.016655468070441770e-01
2.963704630788485517e+01,-4.114774632723153247e-03
2.968710888610763377e+01,-1.522424532818915377e-02
2.973717146433041236e+01,6.008288118622783641e-02
2.978723404255319096e+01,-8.836351157286606584e-02
2.983729662077596956e+01,-5.682163659357471197e-02
2.988735919899874816e+01,-1.191922305973448087e-01
2.993742177722152675e+01,-5.651032726352435420e-02
2.998748435544430535e+01,3.529313405880862842e-02
3.003754693366708395e+01,8.298884385483067117e-02
3.008760951188986255e+01,-7.544711895477358710e-02
3.013767209011264114e+01,1.126432286865884091e-01
3.018773466833541974e+01,1.693010725832003460e-01
3.023779724655819834e+01,8.202443675217852004e-02
3.028785982478097694e+01,2.339923762747625757e-01
3.033792240300375553e+01,-2.688614704310755832e-02
3.038798498122653413e+01,-7.131764750427016519e-02
3.043804755944931273e+01,-1.235971165098113389e-01
3.048811013767209133e+01,2.035450962005749820e-01
3.053817271589486992e+01,1.177142694744615775e-01
3.058823529411764852e+01,4.391927997760320529e-02
3.063829787234042357e+01,7.377879256106588401e-02
3.068836045056320216e+01,-7.108016698652175336e-02
3.073842302878598076e+01,2.814153610639827940e-01
3.078848560700875936e+01,4.512887104952247042e-02
3.083854818523153796e+01,3.881174789189893032e-02
3.088861076345431655e+01,9.669536401464376429e-02
3.093867334167709515e+01,6.929329369324149779e-02
3.098873591989987375e+01,4.168017061541601231e-02
3.103879849812265235e+01,-6.048969369119191336e-02
3.108886107634543094e+01,6.621338289237627128e-02
3.113892365456820954e+01,2.090283558767366823e-01
3.118898623279098814e+01,1.583166098962705826e-01
3.123904881101376674e+01,1.871039698862338452e-01
3.128911138923654534e+01,-1.845091693444129294e-02
3.133917396745932393e+01,-6.076820975014477627e-02
3.138923654568210253e+01,3.149363385795974496e-02
3.143929912390488113e+01,5.557943473035761861e-02
3.148936170212765973e+01,1.651001387635790407e-01
3.153942428035043832e+01,-1.084630853727340249e-01
3.158948685857321692e+01,2.179772964350016884e-01
3.163954943679599552e+01,5.233850654264336766e-02
3.168961201501877412e+01,2.723420227325671489e-02
3.173967459324155271e+01,-3.099462276558485885e-02
3.178973717146433131e+01,-9.655688435054382568e-02
3.183979974968710991e+01,1.483563997537749035e-01
3.188986232790988851e+01,6.892796135626737264e-02
3.193992490613266710e+01,-7.327960742553561724e-02
3.198998748435544570e+01,-8.092707229319558160e-02
3.204005006257822430e+01,6.846144457566323560e-03
3.209011264080100290e+01,1.984295798700389524e-01
3.214017521902378149e+01,-3.759385881359444265e-03
3.219023779724656009e+01,-1.375457426140224149e-01
3.224030037546933869e+01,-2.101232914226061621e-02
3.229036295369211729e+01,-3.237836864641313595e-02
3.234042553191489588e+01,-2.826389309353852242e-01
3.239048811013767448e+01,-2.515718573381154483e-02
3.244055068836045308e+01,-4.834193347274473584e-02
3.249061326658323168e+01,4.023597180859725397e-02
3.254067584480601028e+01,1.528197917731655975e-01
3.259073842302878887e+01,7.932511825415732021e-02
3.264080100125156747e+01,-6.011855132955313402e-02
3.269086357947434607e+01,-1.425661581718188076e-01
3.274092615769712467e+01,2.277529873545034445e-01
3.279098873591989616e+01,-2.056297070114581488e-02
3.284105131414267476e+01,-2.150740671267891563e-02
3.289111389236545335e+01,-2.154371833547660126e-02
3.294117647058823195e+01,4.324117918532018393e-03
3.299123904881101055e+01,-2.669270270938758904e-02
3.304130162703378915e+01,-6.708634430237256363e-02
3.309136420525656774e+01,-6.279427165655622478e-02
3.314142678347934634e+01,-1.088009455488607446e-02
3.319148936170212494e+01,-6.267575248808786303e-02
3.324155193992490354e+01,-8.163661864871048224e-02
3.329161451814768213e+01,-3.007180121451147672e-03
3.334167709637046073e+01,-4.364580767069130285e-02
3.339173967459323933e+01,1.266985711723069841e-01
3.344180225281601793e+01,-2.952015763205520504e-01
3.349186483103879652e+01,7.204352705272716595e-02
3.354192740926157512e+01,8.018966366769164633e-02
3.359198998748435372e+01,-2.590659117840070080e-01
3.364205256570713232e+01,-9.297892272316651829e-02
3.369211514392991091e+01,-1.021987571197463529e-01
3.374217772215268951e+01,-2.112197252899904731e-01
3.379224030037546811e+01,-1.524778239583268746e-01
3.384230287859824671e+01,-1.885879019171942117e-01
3.389236545682102530e+01,9.640462601967783596e-02
3.394242803504380390e+01,1.507825485875129157e-02
3.399249061326658250e+01,5.063673419420372523e-02
3.404255319148936110e+01,-8.003219939568401164e-04
3.409261576971213970e+01,-1.808665069500317302e-01
3.414267834793491829e+01,-1.141397635434389657e-01
3.419274092615769689e+01,-5.450079912991678821e-03
3.424280350438047549e+01,-1.685561426167861421e-01
3.429286608260325409e+01,3.343351736956527709e-02
3.434292866082603268e+01,-5.331383974211582194e-02
3.439299123904881128e+01,-5.839364508298127560e-02
3.444305381727158988e+01,5.803243958725519402e-02
3.449311639549436848e+01,3.841386581383256921e-02
3.454317897371714707e+01,-3.608596292980990189e-02
3.459324155193992567e+01,1.207625754308226385e-01
3.464330413016270427e+01,-9.977527052206434932e-02
3.469336670838548287e+01,7.206322524818330189e-02
3.474342928660826146e+01,7.057974594624367992e-02
3.479349186483104006e+01,-2.013156195427920694e-02
3.484355444305381866e+01,4.189847288085153665e-02
3.489361702127659726e+01,-1.182454018307358135e-01
3.494367959949937585e+01,9.622247709869766186e-02
3.499374217772215445e+01,-1.805780421036925001e-02
3.504380475594493305e+01,6.872336102656853019e-01
3.509386733416771165e+01,7.829165210834252431e-01
3.514392991239049024e+01,5.512313679140894429e-01
3.519399249061326884e+01,4.295136642772243718e-01
3.524405506883604744e+01,3.683253602515947911e-01
3.529411764705882604e+01,5.430162416326133057e-01
3.534418022528160463e+01,3.174246005699866702e-01
3.539424280350438323e+01,5.884065305378226585e-01
3.544430538172716183e+01,1.763338840675358343e-01
3.549436795994994043e+01,5.295952988309174936e-01
3.554443053817271903e+01,3.599332138163986450e-01
3.559449311639549762e+01,3.110955884981174702e-01
3.564455569461826911e+01,-2.733559912674791287e-02
3.569461827284104771e+01,7.563103049526374855e-02
3.574468085106382631e+01,4.048864107510603827e-02
3.579474342928660491e+01,1.627646524821522722e-01
3.584480600750938351e+01,7.137127401953297090e-02
3.589486858573216210e+01,8.153335053636792673e-02
3.594493116395494070e+01,3.548483543891081671e-02
3.599499374217771930e+01,7.008079257803477569e-02
3.604505632040049790e+01,1.089295694369716572e-01
3.609511889862327649e+01,-9.212357126119855022e-02
3.614518147684605509e+01,-5.681622753715173668e-02
3.619524405506883369e+01,1.498686118000953083e-01
3.624530663329161229e+01,8.873222074029507578e-02
3.629536921151439088e+01,4.810776122587769044e-02
3.634543178973716948e+01,6.221145981502452377e-02
3.639549436795994808e+01,8.827382911467553106e-02
3.644555694618272668e+01,-7.717241740489683144e-03
3.649561952440550527e+01,-3.891243784924902638e-02
3.654568210262828387e+01,5.139441279981864924e-02
3.659574468085106247e+01,-7.260627397896282642e-02
3.664580725907384107e+01,6.026965203396396353e-02
3.669586983729661966e+01,-1.555915728757248651e-01
3.674593241551939826e+01,1.139741530396908287e-01
3.679599499374217686e+01,5.597598772858873584e-02
3.684605757196495546e+01,3.327092481857406303e-02
3.689612015018773405e+01,1.061417657903781508e-01
3.694618272841051265e+01,1.757698486813463190e-01
3.699624530663329125e+01,1.129848617284967827e-01
3.704630788485606985e+01,-1.694604455998271753e-01
3.709637046307884845e+01,-1.097615485783105527e-01
3.714643304130162704e+01,-4.051850990828603089e-02
3.719649561952440564e+01,2.823184091443909152e-02
3.724655819774718424e+01,8.063580978357082207e-02
3.729662077596996284e+01,-4.115728197529204546e-02
3.734668335419274143e+01,5.168427682950480634e-02
3.739674593241552003e+01,-4.210961425589049290e-02
3.744680851063829863e+01,-2.862938869898752625e-02
3.749687108886107723e+01,-1.104723556149865282e-01
3.754693366708385582e+01,-6.590744763567971121e-02
3.759699624530663442e+01,-1.139366452426351095e-01
3.764705882352941302e+01,-8.283428437015474821e-02
3.769712140175219162e+01,1.125187888606850317e-01
3.774718397997497021e+01,-9.627263748486264427e-02
3.779724655819774881e+01,2.528049786492643225e-01
3.784730913642052741e+01,2.949305218066407275e-02
3.789737171464330601e+01,-1.073964692773725360e-02
3.794743429286608460e+01,-1.240938569711041856e-01
3.799749687108886320e+01,2.340381751223784279e-02
3.804755944931164180e+01,-1.116057606601613406e-01
3.809762202753442040e+01,-4.805391156119681595e-02
3.814768460575719899e+01,1.909376809482581927e-01
3.819774718397997759e+01,-7.796193919282100315e-02
3.824780976220275619e+01,4.488304160196986137e-02
3.829787234042553479e+01,-1.404576744146766587e-01
3.834793491864831338e+01,-7.221607540898976330e-02
3.839799749687109198e+01,1.111642008697126816e-01
3.844806007509386347e+01,-1.246315271632094379e-01
3.849812265331664207e+01,1.242228356513967735e-01
3.854818523153942067e+01,1.931297103566061851e-02
3.859824780976219927e+01,-1.018097770271836483e-01
3.864831038798497787e+01,2.360055607526651000e-02
3.869837296620775646e+01,6.325376364319448830e-02
3.874843554443053506e+01,3.324783070423575904e-02
3.879849812265331366e+01,-1.817065426384652793e-01
3.884856070087609226e+01,-9.416917800761132051e-02
3.889862327909887085e+01,-4.414223316914052397e-02
3.894868585732164945e+01,-2.601029118309570662e-02
3.899874843554442805e+01,4.307243628569618066e-02
3.904881101376720665e+01,-2.844406159487368468e-03
3.909887359198998524e+01,-1.568353458427361180e-01
3.914893617021276384e+01,1.115070152018118529e-02
3.919899874843554244e+01,2.997496631069445153e-02
3.924906132665832104e+01,2.030888025816531689e-02
3.929912390488109963e+01,6.774901373136768545e-02
3.934918648310387823e+01,3.864221174909643342e-02
3.939924906132665683e+01,-2.709430520851270618e-03
3.944931163954943543e+01,-5.869221892881686803e-02
3.949937421777221402e+01,-2.197390411851839476e-01
3.954943679599499262e+01,-1.136243055534472135e-02
3.959949937421777122e+01,-3.280264309583163368e-02
3.964956195244054982e+01,-2.414293816401522769e-02
3.969962453066332841e+01,-1.751727937313251882e-01
3.974968710888610701e+01,-1.503241132981236183e-01
3.979974968710888561e+01,6.972912196483768699e-02
3.984981226533166421e+01,-3.174294591046056269e-02
3.989987484355444280e+01,4.908728720523882622e-02
3.994993742177722140e+01,-6.863967641232159717e-03
4.000000000000000000e+01,2.975613949574215482e-03
